Workbook

Sheet Dashboard
A1: WildNexus P0 - Autonomy Model
A2: Satellite Lite energy model - editable hypotheses for 4 AA vs 8 AA, photo/audio/video events and 60-day target.
A4: Target days | B4: =Inputs!B4 | D4: Battery comparison
A5: Total daily Wh | B5: =Scenarios!B9 | D5: Battery profile | E5: Usable Wh | F5: Autonomy days | G5: Pass 60d? | H5: Margin days
A6: Best battery | B6: =INDEX(Scenarios!A14:A19,MATCH(MAX(Scenarios!F14:F19),Scenarios!F14:F19,0)) | D6: =Scenarios!A14 | E6: =Scenarios!E14 | F6: =Scenarios!F14 | G6: =Scenarios!G14 | H6: =Scenarios!H14
A7: Best autonomy days | B7: =MAX(Scenarios!F14:F19) | D7: =Scenarios!A15 | E7: =Scenarios!E15 | F7: =Scenarios!F15 | G7: =Scenarios!G15 | H7: =Scenarios!H15
A8: Smallest PASS battery | B8: =IFERROR(INDEX(Scenarios!A14:A19,MATCH(TRUE,Scenarios!G14:G19,0)),"None") | D8: =Scenarios!A16 | E8: =Scenarios!E16 | F8: =Scenarios!F16 | G8: =Scenarios!G16 | H8: =Scenarios!H16
A9: Decision hint | B9: =IF(COUNTIF(Scenarios!G14:G19,TRUE)=0,"No battery passes 60d",IF(INDEX(Scenarios!F14:F19,1)>=Inputs!B4,"4 AA may pass - verify M-02","8 AA likely safer")) | D9: =Scenarios!A17 | E9: =Scenarios!E17 | F9: =Scenarios!F17 | G9: =Scenarios!G17 | H9: =Scenarios!H17
D10: =Scenarios!A18 | E10: =Scenarios!E18 | F10: =Scenarios!F18 | G10: =Scenarios!G18 | H10: =Scenarios!H18
D11: =Scenarios!A19 | E11: =Scenarios!E19 | F11: =Scenarios!F19 | G11: =Scenarios!G19 | H11: =Scenarios!H19
A12: Main editable inputs
A13: Days target | B13: =Inputs!B4
A14: System rail voltage | B14: =Inputs!B5 | D14: Event mix Wh/day
A15: Buck efficiency | B15: =Inputs!B6 | D15: Event type | E15: Events/day | F15: Wh/event | G15: Wh/day
A16: Safety margin | B16: =Inputs!B7 | D16: =Events!A5 | E16: =Events!B5 | F16: =Events!Q5 | G16: =Events!R5
A17: Base load Wh/day | B17: =Scenarios!B5 | D17: =Events!A6 | E17: =Events!B6 | F17: =Events!Q6 | G17: =Events!R6
A18: Events Wh/day before margin | B18: =Scenarios!B6 | D18: =Events!A7 | E18: =Events!B7 | F18: =Events!Q7 | G18: =Events!R7
A19: Daily Wh after margin | B19: =Scenarios!B9 | D19: =Events!A8 | E19: =Events!B8 | F19: =Events!Q8 | G19: =Events!R8
D20: =Events!A9 | E20: =Events!B9 | F20: =Events!Q9 | G20: =Events!R9

Sheet Inputs
A1: General assumptions
A4: Target autonomy days | B4: 60 | C4: days
A5: System rail voltage | B5: 3.3 | C5: V
A6: Buck efficiency | B6: 0.9 | C6: 0-1
A7: Safety margin on daily energy | B7: 0.3 | C7: 0-1
A8: Usable capacity factor | B8: 0.85 | C8: 0-1
A11: Battery profiles
A12: Profile | B12: Cells series | C12: Cells parallel | D12: Cell nominal V | E12: Cell mAh | F12: Total cells | G12: Theoretical Wh | H12: Usable Wh
A13: 4 AA NiMH Eneloop Pro | B13: 4 | C13: 1 | D13: 1.2 | E13: 2500 | F13: =B13*C13 | G13: =F13*D13*E13/1000 | H13: =G13*$B$8
A14: 8 AA NiMH Eneloop Pro | B14: 4 | C14: 2 | D14: 1.2 | E14: 2500 | F14: =B14*C14 | G14: =F14*D14*E14/1000 | H14: =G14*$B$8
A15: 4 AA Lithium L91 | B15: 4 | C15: 1 | D15: 1.5 | E15: 3000 | F15: =B15*C15 | G15: =F15*D15*E15/1000 | H15: =G15*$B$8
A16: 8 AA Lithium L91 | B16: 4 | C16: 2 | D16: 1.5 | E16: 3000 | F16: =B16*C16 | G16: =F16*D16*E16/1000 | H16: =G16*$B$8
A17: 4 AA Alkaline conservative | B17: 4 | C17: 1 | D17: 1.5 | E17: 1800 | F17: =B17*C17 | G17: =F17*D17*E17/1000 | H17: =G17*$B$8
A18: 8 AA Alkaline conservative | B18: 4 | C18: 2 | D18: 1.5 | E18: 1800 | F18: =B18*C18 | G18: =F18*D18*E18/1000 | H18: =G18*$B$8
A21: Base / standby loads
A22: Load | B22: Current mA | C22: Voltage V | D22: Hours/day | E22: Wh/day | F22: Notes
A23: Deep sleep board complete | B23: 0.1 | C23: 3.3 | D23: 24 | E23: =B23*C23*D23/1000 | F23: Target <100 uA complete board
A24: Always-on PIR standby | B24: 0.005 | C24: 3.3 | D24: 24 | E24: =B24*C24*D24/1000 | F24: Panasonic low-power class
A25: Sensor standby / RTC margin | B25: 0.02 | C25: 3.3 | D25: 24 | E25: =B25*C25*D25/1000 | F25: Reserve for sensor block
A26: Daily health heartbeat LoRa | B26: 120 | C26: 3.3 | D26: 0.00055555556 | E26: =B26*C26*D26/1000 | F26: 2 seconds/day equivalent

Sheet Events
A1: Event model - edit counts, durations and currents
A4: Event type | B4: Events/day | C4: ESP mA | D4: ESP sec | E4: Camera mA | F4: Camera sec | G4: IR mA | H4: IR sec | I4: SD mA | J4: SD sec | K4: Audio mA | L4: Audio sec | M4: LoRa mA | N4: LoRa sec | O4: Sensors mA | P4: Sensors sec | Q4: Wh/event | R4: Wh/day | S4: Notes
A5: Photo standard | B5: 24 | C5: 220 | D5: 8 | E5: 80 | F5: 5 | G5: 400 | H5: 2 | I5: 80 | J5: 2 | K5: 8 | L5: 0 | M5: 120 | N5: 2 | O5: 5 | P5: 2 | Q5: =($C5*$D5+$E5*$F5+$G5*$H5+$I5*$J5+$K5*$L5+$M5*$N5+$O5*$P5)*Inputs!$B$5/3600000/Inputs!$B$6 | R5: =B5*Q5 | S5: PIR event with still image
A6: Video standard | B6: 6 | C6: 240 | D6: 25 | E6: 100 | F6: 20 | G6: 400 | H6: 5 | I6: 90 | J6: 20 | K6: 10 | L6: 20 | M6: 120 | N6: 2 | O6: 5 | P6: 5 | Q6: =($C6*$D6+$E6*$F6+$G6*$H6+$I6*$J6+$K6*$L6+$M6*$N6+$O6*$P6)*Inputs!$B$5/3600000/Inputs!$B$6 | R6: =B6*Q6 | S6: Short video clip
A7: Video long event X | B7: 1 | C7: 240 | D7: 70 | E7: 100 | F7: 60 | G7: 400 | H7: 10 | I7: 90 | J7: 60 | K7: 10 | L7: 60 | M7: 120 | N7: 2 | O7: 5 | P7: 10 | Q7: =($C7*$D7+$E7*$F7+$G7*$H7+$I7*$J7+$K7*$L7+$M7*$N7+$O7*$P7)*Inputs!$B$5/3600000/Inputs!$B$6 | R7: =B7*Q7 | S7: Longer recording for selected event X
A8: Audio-only event | B8: 12 | C8: 120 | D8: 12 | E8: 0 | F8: 0 | G8: 0 | H8: 0 | I8: 60 | J8: 10 | K8: 10 | L8: 10 | M8: 120 | N8: 1 | O8: 5 | P8: 5 | Q8: =($C8*$D8+$E8*$F8+$G8*$H8+$I8*$J8+$K8*$L8+$M8*$N8+$O8*$P8)*Inputs!$B$5/3600000/Inputs!$B$6 | R8: =B8*Q8 | S8: Audio clip without image/video
A9: Status / maintenance | B9: 1 | C9: 80 | D9: 3 | E9: 0 | F9: 0 | G9: 0 | H9: 0 | I9: 20 | J9: 1 | K9: 0 | L9: 0 | M9: 120 | N9: 2 | O9: 5 | P9: 1 | Q9: =($C9*$D9+$E9*$F9+$G9*$H9+$I9*$J9+$K9*$L9+$M9*$N9+$O9*$P9)*Inputs!$B$5/3600000/Inputs!$B$6 | R9: =B9*Q9 | S9: Non-detection telemetry

Sheet Scenarios
A1: Scenario calculations
A4: Energy summary
A5: Base load Wh/day | B5: =SUM(Inputs!E23:E26)
A6: Events Wh/day before margin | B6: =SUM(Events!R5:R9)
A7: Subtotal Wh/day | B7: =B5+B6
A8: Safety margin | B8: =Inputs!B7
A9: Total daily Wh after margin | B9: =B7*(1+B8)
A10: Target days | B10: =Inputs!B4
A12: Battery scenario table
A13: Battery profile | B13: Cells | C13: Nominal V | D13: Cell mAh | E13: Usable Wh | F13: Autonomy days | G13: Pass target? | H13: Margin days | I13: Daily Wh used
A14: =Inputs!A13 | B14: =Inputs!F13 | C14: =Inputs!D13 | D14: =Inputs!E13 | E14: =Inputs!H13 | F14: =E14/$B$9 | G14: =F14>=$B$10 | H14: =F14-$B$10 | I14: =$B$9
A15: =Inputs!A14 | B15: =Inputs!F14 | C15: =Inputs!D14 | D15: =Inputs!E14 | E15: =Inputs!H14 | F15: =E15/$B$9 | G15: =F15>=$B$10 | H15: =F15-$B$10 | I15: =$B$9
A16: =Inputs!A15 | B16: =Inputs!F15 | C16: =Inputs!D15 | D16: =Inputs!E15 | E16: =Inputs!H15 | F16: =E16/$B$9 | G16: =F16>=$B$10 | H16: =F16-$B$10 | I16: =$B$9
A17: =Inputs!A16 | B17: =Inputs!F16 | C17: =Inputs!D16 | D17: =Inputs!E16 | E17: =Inputs!H16 | F17: =E17/$B$9 | G17: =F17>=$B$10 | H17: =F17-$B$10 | I17: =$B$9
A18: =Inputs!A17 | B18: =Inputs!F17 | C18: =Inputs!D17 | D18: =Inputs!E17 | E18: =Inputs!H17 | F18: =E18/$B$9 | G18: =F18>=$B$10 | H18: =F18-$B$10 | I18: =$B$9
A19: =Inputs!A18 | B19: =Inputs!F18 | C19: =Inputs!D18 | D19: =Inputs!E18 | E19: =Inputs!H18 | F19: =E19/$B$9 | G19: =F19>=$B$10 | H19: =F19-$B$10 | I19: =$B$9

Sheet Notes
A1: How to use this workbook
A3: 1 | B3: Edit green cells in Inputs and Events.
A4: 2 | B4: Use Events/day to model calm, average or dense sites.
A5: 3 | B5: Video standard and Video long event X can represent different triggers.
A6: 4 | B6: Wh/event formula assumes all event currents are converted to equivalent 3.3 V rail energy and divided by buck efficiency.
A7: 5 | B7: Battery comparison uses usable Wh, not raw mAh, so 4 AA and 8 AA can be compared cleanly.
A8: 6 | B8: Decision rule: theoretical PASS must still be confirmed in M-02 with measured current and PPK2.
